{"cameraMode":{"drawMode":0,"name":"Shaded","section":"Shading Mode"},"sceneLighting":false,"audioPlay":false,"sceneViewState":{"showFog":true,"showMaterialUpdate":false,"showSkybox":true,"showFlares":true,"showImageEffects":true,"showParticleSystems":true},"in2DMode":false,"pivot":{"x":6.485292434692383,"y":14.115108489990235,"z":80.69931030273438},"rotation":{"x":0.25025612115859988,"y":-0.23968936502933503,"z":0.06414461135864258,"w":0.9358452558517456},"size":78.52003479003906,"orthographic":false}